number,identifier,name
102717204,?,Unused - Rattlesnake Springs - Free Time
1046534986,?,Unknown - 1046534986
1049859893,?,Unknown - 1049859893
11117689,?,Unknown - 11117689
124158322,?,Unknown - 124158322
124614601,?,Unused - Rattlesnake Springs - Free Time
128587134,?,Unknown - 128587134
146257819,?,Unknown - Center Perks 2.0 - Lights Out
18068631,?,Unknown - 18068631
185505345,?,Unknown - 185505345
188129758,?,Unknown - Air Force Con
239188114,?,Unknown - Air Force Con
246257115,?,Unknown - 246257115
25303723,?,Unknown - 25303723
257127317,?,Unknown - 257127317
287921988,?,Unknown - 287921988
302249435,?,Unknown - 302249435
303162843,?,Unknown - 303162843
313708683,?,Unknown - 313708683
387592060,?,Unknown - 387592060
402281103,?,Unknown - 402281103
40263129,?,Unknown - 40263129
411568961,?,Unknown - 411568961
417448800,?,Unknown - 417448800
418578487,?,Unknown - 418578487
428608742,?,Unknown - 428608742
450990597,?,Unknown - 450990597
470316261,?,Unknown - 470316261
471123533,?,Unknown - 471123533
485943432,?,Unknown - Rattlesnake Springs
504348725,?,Unknown - 504348725
507013810,?,Unknown - 507013810
524505456,?,Unknown - 524505456
527107076,?,Unknown - Rattlesnake Springs
544409120,?,Unknown - 544409120
544524851,?,Unknown - Rattlesnake Springs
549011346,?,Unknown - 549011346
564339922,?,Unknown - 564339922
567611551,?,Unknown - 567611551
577121418,?,Unknown - 577121418
598101424,?,Unknown - 598101424
600590048,?,Unknown - 600590048
647835948,?,Unknown - 647835948
658534269,?,Unknown - 658534269
668466787,?,Unknown - 668466787
673443860,?,Unknown - 673443860
689677351,?,Unknown - 689677351
705081871,?,Unknown - 705081871
706777075,?,Unknown - 706777075
714652373,?,Unknown - 714652373
732020309,?,Unknown - 732020309
732889639,?,Unknown - 732889639
748347083,?,Unknown - 748347083
759935043,?,Unknown - 759935043
770353162,?,Unknown - 770353162
772725643,?,Unknown - 772725643
789092305,?,Unknown - 789092305
7892727,?,Unknown - 7892727
801299806,?,Unknown - 801299806
841728867,?,Unknown - 841728867
849778576,?,Unknown - 849778576
884059560,?,Unknown - Rattlesnake Springs
910428723,?,Unknown - 910428723
913271972,?,Unknown - 913271972
923719905,?,Unknown - 923719905
944045356,?,Unknown - 944045356
944130406,?,Unknown - 944130406
971656082,?,Unknown - 971656082
984826401,?,Unknown - 984826401
996158410,?,Unknown - Rattlesnake Springs
996661967,?,Unknown - 996661967
998152924,?,Unknown - 998152924
535741212,Amb_Boat_Drive_Loop_Inside,?
156440086,Amb_PSO_Boat_Ocean_Spray,?
934214317,Amb_PSO_Pond_01,?
507452507,Amb_PSO_Pond_02,?
335807503,Amb_PSO_Pond_03,?
183323337,Amb_PSO_Pond_04,?
7491454,Amb_PSO_Pond_05,?
320437046,Amb_PSO_SpaceGarden_Loop,?
743823824,Amb_Plane_Prop_Loop,?
497932744,Area17_Amb_Inside,Area 17 - Ambience
806333698,Area17_Amb_Inside,Area 17 - Ambience
693231732,Area17_Amb_Night_Crickets_Loop,Area 17 - Ambience
808006671,Area17_Amb_Night_Crickets_Loop,Area 17 - Ambience
434633525,Area17_Amb_Night_Wind_Loop,Area 17 - Ambience
661456276,Area17_Amb_Night_Wind_Loop,Area 17 - Ambience
130571638,Area17_Amb_Rooftop,Area 17 - Ambience
652431198,Area17_Amb_Rooftop,Area 17 - Ambience
631759600,Area17_Amb_Showers_Loop,Area 17 - Ambience
719011412,Area17_Amb_Showers_Loop,Area 17 - Ambience
406014233,Area17_Amb_Underground,Area 17 - Ambience
754493215,Area17_Amb_Underground,Area 17 - Ambience
270462918,Area17_Amb_Vent_Element_04,Area 17 - Ambience
442320495,Area17_Amb_Vent_Element_04,Area 17 - Ambience
612395274,Area17_Amb_Vent_Element_05,Area 17 - Ambience
77957650,Area17_Amb_Vent_Element_05,Area 17 - Ambience
505613639,Area17_Amb_Vent_Element_06,Area 17 - Ambience
752699128,Area17_Amb_Vent_Element_06,Area 17 - Ambience
885341698,Area17_Amb_Vent_Element_07,Area 17 - Ambience
898665286,Area17_Amb_Vent_Element_07,Area 17 - Ambience
227277923,Area17_Amb_Vent_Element_08,Area 17 - Ambience
874210646,Area17_Amb_Vent_Element_08,Area 17 - Ambience
12278256,Area17_Amb_Wind_Loop,Area 17 - Ambience
946683621,Area17_Amb_Wind_Loop,Area 17 - Ambience
430640448,Area17_Generic_Escape_Music,Area 17 - Perimeter Breakout
511776814,Area17_Generic_Escape_Sfx,Area 17
208127185,Area17_Generic_Escape_UFO_Main,Area 17
315975879,Area17_Intro_Music,Area 17 - Introduction
598192597,Area17_MP_Escape_Music,Area 17 - Alien Technology
549300966,Area17_SP_Escape_Music,Area 17 - I'm Only Human
313027920,Boat_Chopper_Escape_Chopper,H.M.S Orca
117451372,Boat_Chopper_Escape_Music,H.M.S Orca - Masters of Illusion
372181946,Boat_Intro_Music,H.M.S Orca - Introduction
445883627,Boat_JetSki_Escape_JetSki,H.M.S Orca
976161794,Boat_JetSki_Escape_Music,H.M.S Orca - Wave Goodbye
672369908,Boat_Scuba_Escape_Music,H.M.S Orca - Scuba Doo
186764115,Boat_Take_Over_Escape_Boat,H.M.S Orca
126051289,Boat_Take_Over_Escape_Music,H.M.S Orca - Taking Back Control
478275705,CentrePerks_Amb_Afternoon_Element_01,?
863079870,CentrePerks_Amb_Afternoon_Element_01,?
196650196,CentrePerks_Amb_Afternoon_Element_04,?
627682143,CentrePerks_Amb_Afternoon_Element_04,?
452556984,CentrePerks_Amb_Afternoon_Element_05,?
543269354,CentrePerks_Amb_Afternoon_Element_05,?
1034231571,CentrePerks_Amb_Afternoon_Traffic,?
410312718,CentrePerks_Amb_Afternoon_Traffic,?
6678436,CentrePerks_Amb_Day,?
764929749,CentrePerks_Amb_Day,?
456427863,CentrePerks_Amb_Inside,?
605361752,CentrePerks_Amb_Inside,?
853339258,CentrePerks_Amb_Night_Loop,?
999489993,CentrePerks_Amb_Night_Loop,?
374296770,CentrePerks_Amb_Rooftop,?
543973246,CentrePerks_Amb_Rooftop,?
525302599,CentrePerks_Amb_Showers,?
683867230,CentrePerks_Amb_Showers,?
124458017,CentrePerks_Amb_Underground,?
923962799,CentrePerks_Amb_Underground,?
375444384,CentrePerks_Amb_Vent_Element_04,?
643159252,CentrePerks_Amb_Vent_Element_04,?
1015477729,CentrePerks_Amb_Vent_Element_05,?
904725037,CentrePerks_Amb_Vent_Element_05,?
1026218730,CentrePerks_Amb_Vent_Element_06,?
684286774,CentrePerks_Amb_Vent_Element_06,?
308390707,CentrePerks_Amb_Vent_Element_07,?
857723875,CentrePerks_Amb_Vent_Element_07,?
296203836,CentrePerks_Amb_Vent_Element_08,?
781574120,CentrePerks_Amb_Vent_Element_08,?
105784228,CentrePerks_GDC_Outro_Music,?
232830505,Centre_Perks_Generic_Escape_Music,Center Perks 2.0 - Perimeter Breakout
182074732,Centre_Perks_MP_Escape_Music,Center Perks 2.0 - Last Post
557544697,Centre_Perks_SP_Escape_Music,Center Perks 2.0 - Meet the Crew
121098385,Credits_Boat,H.M.S Orca - Credits
589068091,Credits_Plane,Air Force Con - Credits
533288603,Credits_Train,Cougar Creek Railroad - Credits
1001973806,Crowd_01,?
470030619,Crowd_02,?
790831768,Crowd_09,?
525855013,Crowd_10,?
59850959,Crowd_11,?
509296601,Crowd_12,?
52805418,Crowd_13,?
138833153,DLC_01_Amb_Creak_01,?
284120558,DLC_01_Amb_Creak_02,?
112927670,DLC_01_Amb_Creak_03,?
180156007,DLC_01_Amb_Creak_04,?
697701406,DLC_01_Amb_Creak_05,?
901382382,DLC_03_Applause_01,Santa's Shakedown
452826248,DLC_03_Applause_02,Santa's Shakedown
465787976,DLC_03_GE_Music,Santa's Shakedown - Perimeter Breakout
413592865,DLC_03_MP_Music,Santa's Shakedown - It's Behind You
278659415,DLC_03_Piano_Music,Santa's Shakedown - Piano Music
225580386,DLC_03_SP_Escape_Music,Santa's Shakedown - Top of the Naughty List
552957490,DLC_03_SP_Exit,Santa's Shakedown
13472891,DLC_03_SP_Fire,Santa's Shakedown
668189634,DLC_04_GE_Escape_Ambience,Big Top Breakout
805290273,DLC_04_MP_Escape_BreakOut,Big Top Breakout
892681681,DLC_04_MP_Escape_Mouse,Big Top Breakout
234862191,DLC_04_SP_Escape_Fire,Big Top Breakout
82341708,DLC_04_SP_Escape_WindIntoTreeFall,Big Top Breakout
85729260,DLC_05_Generic_CS_Motorbike_Passby,Dungeons & Duct Tape
170230865,DLC_05_Generic_CS_Music,Dungeons & Duct Tape - Perimeter Breakout
728488536,DLC_05_Generic_CS_PoliceCar_Passby,Dungeons & Duct Tape
361235770,DLC_05_Intro_CS_Music,Dungeons & Duct Tape - Introduction
935286104,DLC_05_Intro_Platform_Shake,Dungeons & Duct Tape - Introduction
601545245,DLC_05_Lute_Tune_01,Dungeons & Duct Tape
958913172,DLC_05_Lute_Tune_02,Dungeons & Duct Tape
162395899,DLC_05_MPG_CS_Car,Dungeons & Duct Tape
763398612,DLC_05_MPG_CS_Music,Dungeons & Duct Tape - Siege the Day (Outro)
263759073,DLC_05_MP_CS_Music,Dungeons & Duct Tape - Siege the Day
518334203,DLC_05_MP_CS_WaterLap,Dungeons & Duct Tape
10941219,DLC_05_SP_CS_Music,Dungeons & Duct Tape - Tis But a Scratch
850547517,DLC_06_Amb_Inside,?
263184470,DLC_06_Amb_Rooftop,?
486935565,DLC_06_Amb_Underground,?
643682133,DLC_06_Engine_Backup,?
19155574,DLC_06_Factory_Amb,?
429707680,DLC_06_Factory_Conv,?
36206554,Dictator_Amb_Day_Loop,The Glorious Regime - Ambience
813329510,Dictator_Amb_Inside,The Glorious Regime - Ambience
56673064,Dictator_Amb_Night_Loop,The Glorious Regime - Ambience
949927377,Dictator_Amb_Rooftop,The Glorious Regime - Ambience
70980068,Dictator_Amb_Showers_Loop,The Glorious Regime - Ambience
955158010,Dictator_Amb_Underground,The Glorious Regime - Ambience
906524881,Dictator_Amb_Vent_Element_04,The Glorious Regime - Ambience
1056979445,Dictator_Amb_Vent_Element_05,The Glorious Regime - Ambience
1046152367,Dictator_Amb_Vent_Element_06,The Glorious Regime - Ambience
787116598,Dictator_Amb_Vent_Element_07,The Glorious Regime - Ambience
54849164,Dictator_Amb_Vent_Element_08,The Glorious Regime - Ambience
489854645,Dictator_Chopper_Escape_Chopper,The Glorious Regime
551285517,Dictator_Chopper_Escape_Music,The Glorious Regime - Get to da' chopper
80430564,Dictator_Fake_Death_Escape_Music,The Glorious Regime - Cold Case
285918487,Dictator_Fake_Death_Escape_Truck,The Glorious Regime
473080139,Dictator_Generic_Escape_Music,The Glorious Regime - Perimeter Breakout
963074098,Dictator_Intro_Chopper,The Glorious Regime - Introduction
1011001138,Dictator_Intro_Music,The Glorious Regime - Introduction
67629150,EC2_Logo_Idents,Loading screen
639415127,Env_Toilet_Flood,?
849427657,Guard_Dog_Bark_01,?
613751346,Gulag_Amb_Evening_Element_01,Fort Tundra - Ambience
98871062,Gulag_Amb_Evening_Element_01,Fort Tundra - Ambience
952847635,Gulag_Amb_Inside,Fort Tundra - Ambience
840146160,Gulag_Amb_Rooftop,Fort Tundra - Ambience
100680222,Gulag_Amb_Showers_Loop,Fort Tundra - Ambience
933995225,Gulag_Amb_Showers_Loop,Fort Tundra - Ambience
860018711,Gulag_Amb_Underground,Fort Tundra - Ambience
510156282,Gulag_Amb_Vent_Element_04,Fort Tundra - Ambience
603958637,Gulag_Amb_Vent_Element_04,Fort Tundra - Ambience
447645320,Gulag_Amb_Vent_Element_05,Fort Tundra - Ambience
909729896,Gulag_Amb_Vent_Element_05,Fort Tundra - Ambience
349918914,Gulag_Amb_Vent_Element_06,Fort Tundra - Ambience
35755206,Gulag_Amb_Vent_Element_06,Fort Tundra - Ambience
284146874,Gulag_Amb_Vent_Element_07,Fort Tundra - Ambience
733490262,Gulag_Amb_Vent_Element_07,Fort Tundra - Ambience
243378358,Gulag_Amb_Vent_Element_08,Fort Tundra - Ambience
589974962,Gulag_Amb_Vent_Element_08,Fort Tundra - Ambience
718959175,Gulag_Amb_Wind_Loop_01,Fort Tundra - Ambience
903100535,Gulag_Amb_Wind_Loop_01,Fort Tundra - Ambience
173177698,Gulag_Amb_Wind_Loop_02,Fort Tundra - Ambience
230614688,Gulag_Amb_Wind_Loop_02,Fort Tundra - Ambience
1000196893,Gulag_Generic_Escape_Music,Fort Tundra - Perimeter Breakout
930735071,Gulag_Intro_Music,Fort Tundra - Introduction
1002731655,Gulag_Intro_Truck_Reverse,Fort Tundra - Introduction
571491527,Gulag_Intro_Wind_Gust,Fort Tundra - Introduction
554541622,Gulag_MP_Escape_Music,Fort Tundra - Fun With Jeeps
949951712,Gulag_SP_Escape_Music,Fort Tundra - Rock-hammer Hard Place
649862371,Horse_Run_Loop,?
544698807,Horse_Vocal_01,?
273170903,Horse_Vocal_03,?
558118245,Horse_Vocal_04,?
1063458575,Horse_Vocal_05,?
52057828,Idle_Bongos_01,?
660356477,Idle_Bongos_02,?
535251812,Idle_Bongos_03,?
265911824,Idle_Bongos_04,?
947909942,Idle_Bongos_05,?
756039277,Idle_Bongos_06,?
1072858777,Idle_Bongos_07,?
386903152,Idle_Bongos_08,?
410924779,Jobs_Electrician_Loop,?
460799730,Jobs_ShoePress_End,?
127258340,Jobs_ShoePress_Start,?
145886863,Music_Escape_Ditty,Escape music
248180448,Music_Frontend,Main Menu
1012526355,Music_Lockdown,Lockdown
804975538,Music_Prison_01_Routine_A_Level_00,Center Perks 2.0 - Lights Out (0 Stars)
759360967,Music_Prison_01_Routine_A_Level_01,Center Perks 2.0 - Lights Out (1 Star)
753344861,Music_Prison_01_Routine_A_Level_02,Center Perks 2.0 - Lights Out (2 Stars)
465731721,Music_Prison_01_Routine_A_Level_03,Center Perks 2.0 - Lights Out (3 Stars)
1020889549,Music_Prison_01_Routine_A_Level_04,Center Perks 2.0 - Lights Out (4 Stars)
780804912,Music_Prison_01_Routine_A_Level_05,Center Perks 2.0 - Lights Out (5 Stars)
784714028,Music_Prison_01_Routine_B_Level_00,Center Perks 2.0 - Roll Call (0 Stars)
803175324,Music_Prison_01_Routine_B_Level_01,Center Perks 2.0 - Roll Call (1 Star)
884387429,Music_Prison_01_Routine_B_Level_02,Center Perks 2.0 - Roll Call (2 Stars)
304896074,Music_Prison_01_Routine_B_Level_03,Center Perks 2.0 - Roll Call (3 Stars)
207590591,Music_Prison_01_Routine_B_Level_04,Center Perks 2.0 - Roll Call (4 Stars)
930819718,Music_Prison_01_Routine_B_Level_05,Center Perks 2.0 - Roll Call (5 Stars)
928669870,Music_Prison_01_Routine_C_Level_00,"Center Perks 2.0 - Breakfast,Lunch,Dinner (0 Stars)"
137994189,Music_Prison_01_Routine_C_Level_01,"Center Perks 2.0 - Breakfast,Lunch,Dinner (1 Star)"
34691633,Music_Prison_01_Routine_C_Level_02,"Center Perks 2.0 - Breakfast,Lunch,Dinner (2 Stars)"
580755232,Music_Prison_01_Routine_C_Level_03,"Center Perks 2.0 - Breakfast,Lunch,Dinner (3 Stars)"
619477843,Music_Prison_01_Routine_C_Level_04,"Center Perks 2.0 - Breakfast,Lunch,Dinner (4 Stars)"
812870775,Music_Prison_01_Routine_C_Level_05,"Center Perks 2.0 - Breakfast,Lunch,Dinner (5 Stars)"
996873216,Music_Prison_01_Routine_D_Alt_Level_00,Center Perks 2.0 - Exercise Time (0 Stars)
880427879,Music_Prison_01_Routine_D_Alt_Level_01,Center Perks 2.0 - Exercise Time (1 Star)
579731689,Music_Prison_01_Routine_D_Alt_Level_02,Center Perks 2.0 - Exercise Time (2 Stars)
548525425,Music_Prison_01_Routine_D_Alt_Level_03,Center Perks 2.0 - Exercise Time (3 Stars)
28029991,Music_Prison_01_Routine_D_Alt_Level_04,Center Perks 2.0 - Exercise Time (4 Stars)
321208506,Music_Prison_01_Routine_D_Alt_Level_05,Center Perks 2.0 - Exercise Time (5 Stars)
308463688,Music_Prison_01_Routine_E_Level_00,Center Perks 2.0 - Free Time (0 Stars)
578299716,Music_Prison_01_Routine_E_Level_00,Center Perks 2.0 - Job Time (0 Stars)
606942186,Music_Prison_01_Routine_E_Level_00,Center Perks 2.0 - Shower Time (0 Stars)
204416917,Music_Prison_01_Routine_E_Level_01,Center Perks 2.0 - Shower Time (1 Star)
214734057,Music_Prison_01_Routine_E_Level_01,Center Perks 2.0 - Free Time (1 Star)
68136197,Music_Prison_01_Routine_E_Level_01,Center Perks 2.0 - Job Time (1 Star)
1019088155,Music_Prison_01_Routine_E_Level_02,Center Perks 2.0 - Job Time (2 Stars)
16693074,Music_Prison_01_Routine_E_Level_02,Center Perks 2.0 - Free Time (2 Stars)
67126562,Music_Prison_01_Routine_E_Level_02,Center Perks 2.0 - Shower Time (2 Stars)
1044050667,Music_Prison_01_Routine_E_Level_03,Center Perks 2.0 - Job Time (3 Stars)
611203704,Music_Prison_01_Routine_E_Level_03,Center Perks 2.0 - Free Time (3 Stars)
83472321,Music_Prison_01_Routine_E_Level_03,Center Perks 2.0 - Shower Time (3 Stars)
5715474,Music_Prison_01_Routine_E_Level_04,Center Perks 2.0 - Job Time (4 Stars)
622387646,Music_Prison_01_Routine_E_Level_04,Center Perks 2.0 - Shower Time (4 Stars)
901061428,Music_Prison_01_Routine_E_Level_04,Center Perks 2.0 - Free Time (4 Stars)
315031142,Music_Prison_01_Routine_E_Level_05,Center Perks 2.0 - Shower Time (5 Stars)
803320887,Music_Prison_01_Routine_E_Level_05,Center Perks 2.0 - Job Time (5 Stars)
814408380,Music_Prison_01_Routine_E_Level_05,Center Perks 2.0 - Free Time (5 Stars)
138080568,Music_Prison_02_Routine_A_Level_00,K.A.P.O.W Camp - Lights Out (0 Stars)
680577492,Music_Prison_02_Routine_A_Level_01,K.A.P.O.W Camp - Lights Out (1 Star)
353330067,Music_Prison_02_Routine_A_Level_02,K.A.P.O.W Camp - Lights Out (2 Stars)
952823243,Music_Prison_02_Routine_A_Level_03,K.A.P.O.W Camp - Lights Out (3 Stars)
607653968,Music_Prison_02_Routine_A_Level_04,K.A.P.O.W Camp - Lights Out (4 Stars)
835051961,Music_Prison_02_Routine_A_Level_05,K.A.P.O.W Camp - Lights Out (5 Stars)
84801010,Music_Prison_02_Routine_B_Level_00,K.A.P.O.W Camp - Roll Call (0 Stars)
603185482,Music_Prison_02_Routine_B_Level_01,K.A.P.O.W Camp - Roll Call (1 Star)
772662301,Music_Prison_02_Routine_B_Level_02,K.A.P.O.W Camp - Roll Call (2 Stars)
665210261,Music_Prison_02_Routine_B_Level_03,K.A.P.O.W Camp - Roll Call (3 Stars)
430394246,Music_Prison_02_Routine_B_Level_04,K.A.P.O.W Camp - Roll Call (4 Stars)
597374988,Music_Prison_02_Routine_B_Level_05,K.A.P.O.W Camp - Roll Call (5 Stars)
662855523,Music_Prison_02_Routine_C_Level_00,"K.A.P.O.W Camp - Breakfast,Dinner (0 Stars)"
176906310,Music_Prison_02_Routine_C_Level_01,"K.A.P.O.W Camp - Breakfast,Dinner (1 Star)"
777454430,Music_Prison_02_Routine_C_Level_02,"K.A.P.O.W Camp - Breakfast,Dinner (2 Stars)"
615954679,Music_Prison_02_Routine_C_Level_03,"K.A.P.O.W Camp - Breakfast,Dinner (3 Stars)"
212063172,Music_Prison_02_Routine_C_Level_04,"K.A.P.O.W Camp - Breakfast,Dinner (4 Stars)"
924449820,Music_Prison_02_Routine_C_Level_05,"K.A.P.O.W Camp - Breakfast,Dinner (5 Stars)"
159974739,Music_Prison_02_Routine_D_Level_00,K.A.P.O.W Camp - Exercise Time (0 Stars)
24815853,Music_Prison_02_Routine_D_Level_01,K.A.P.O.W Camp - Exercise Time (1 Star)
821370714,Music_Prison_02_Routine_D_Level_02,K.A.P.O.W Camp - Exercise Time (2 Stars)
992215921,Music_Prison_02_Routine_D_Level_03,K.A.P.O.W Camp - Exercise Time (3 Stars)
734861079,Music_Prison_02_Routine_D_Level_04,K.A.P.O.W Camp - Exercise Time (4 Stars)
524297607,Music_Prison_02_Routine_D_Level_05,K.A.P.O.W Camp - Exercise Time (5 Stars)
547648146,Music_Prison_02_Routine_E_Level_00,K.A.P.O.W Camp - Shower Time (0 Stars)
471008842,Music_Prison_02_Routine_E_Level_01,K.A.P.O.W Camp - Shower Time (1 Star)
586971207,Music_Prison_02_Routine_E_Level_02,K.A.P.O.W Camp - Shower Time (2 Stars)
995113245,Music_Prison_02_Routine_E_Level_03,K.A.P.O.W Camp - Shower Time (3 Stars)
620705453,Music_Prison_02_Routine_E_Level_04,K.A.P.O.W Camp - Shower Time (4 Stars)
738920359,Music_Prison_02_Routine_E_Level_05,K.A.P.O.W Camp - Shower Time (5 Stars)
336633873,Music_Prison_02_Routine_F_Level_00,K.A.P.O.W Camp - Job Time (0 Stars)
62109008,Music_Prison_02_Routine_F_Level_01,K.A.P.O.W Camp - Job Time (1 Star)
722030785,Music_Prison_02_Routine_F_Level_02,K.A.P.O.W Camp - Job Time (2 Stars)
833235373,Music_Prison_02_Routine_F_Level_03,K.A.P.O.W Camp - Job Time (3 Stars)
572594532,Music_Prison_02_Routine_F_Level_04,K.A.P.O.W Camp - Job Time (4 Stars)
578115095,Music_Prison_02_Routine_F_Level_05,K.A.P.O.W Camp - Job Time (5 Stars)
713498573,Music_Prison_02_Routine_G_Level_00,K.A.P.O.W Camp - Free Time (0 Stars)
416429697,Music_Prison_02_Routine_G_Level_01,K.A.P.O.W Camp - Free Time (1 Star)
805767115,Music_Prison_02_Routine_G_Level_02,K.A.P.O.W Camp - Free Time (2 Stars)
940637396,Music_Prison_02_Routine_G_Level_03,K.A.P.O.W Camp - Free Time (3 Stars)
604266211,Music_Prison_02_Routine_G_Level_04,K.A.P.O.W Camp - Free Time (4 Stars)
547530227,Music_Prison_02_Routine_G_Level_05,K.A.P.O.W Camp - Free Time (5 Stars)
520292564,Music_Prison_03_Routine_A_Level_00,Rattlesnake Springs - Lights Out (0 Stars)
789105269,Music_Prison_03_Routine_A_Level_01,Rattlesnake Springs - Lights Out (1 Star)
981533229,Music_Prison_03_Routine_A_Level_02,Rattlesnake Springs - Lights Out (2 Stars)
737985971,Music_Prison_03_Routine_A_Level_03,Rattlesnake Springs - Lights Out (3 Stars)
201116567,Music_Prison_03_Routine_A_Level_04,Rattlesnake Springs - Lights Out (4 Stars)
296945638,Music_Prison_03_Routine_A_Level_05,Rattlesnake Springs - Lights Out (5 Stars)
442636821,Music_Prison_03_Routine_B_Level_00,Rattlesnake Springs - Roll Call (0 Stars)
960665639,Music_Prison_03_Routine_B_Level_01,Rattlesnake Springs - Roll Call (1 Star)
353103762,Music_Prison_03_Routine_B_Level_02,Rattlesnake Springs - Roll Call (2 Stars)
1037527261,Music_Prison_03_Routine_B_Level_03,Rattlesnake Springs - Roll Call (3 Stars)
592024487,Music_Prison_03_Routine_B_Level_04,Rattlesnake Springs - Roll Call (4 Stars)
718248038,Music_Prison_03_Routine_B_Level_05,Rattlesnake Springs - Roll Call (5 Stars)
1016688614,Music_Prison_03_Routine_C_Level_00,"Rattlesnake Springs - Breakfast,Lunch,Dinner (0 Stars)"
551052266,Music_Prison_03_Routine_C_Level_01,"Rattlesnake Springs - Breakfast,Lunch,Dinner (1 Star)"
727107794,Music_Prison_03_Routine_C_Level_02,"Rattlesnake Springs - Breakfast,Lunch,Dinner (2 Stars)"
757110226,Music_Prison_03_Routine_C_Level_03,"Rattlesnake Springs - Breakfast,Lunch,Dinner (3 Stars)"
137458682,Music_Prison_03_Routine_C_Level_04,"Rattlesnake Springs - Breakfast,Lunch,Dinner (4 Stars)"
291063543,Music_Prison_03_Routine_C_Level_05,"Rattlesnake Springs - Breakfast,Lunch,Dinner (5 Stars)"
251375816,Music_Prison_03_Routine_D_00,Rattlesnake Springs - Exercise Time (0 Stars)
595188498,Music_Prison_03_Routine_D_01,Rattlesnake Springs - Exercise Time (1 Star)
961360474,Music_Prison_03_Routine_D_02,Rattlesnake Springs - Exercise Time (2 Stars)
1036232781,Music_Prison_03_Routine_D_03,Rattlesnake Springs - Exercise Time (3 Stars)
370402954,Music_Prison_03_Routine_D_04,Rattlesnake Springs - Exercise Time (4 Stars)
871205374,Music_Prison_03_Routine_D_05,Rattlesnake Springs - Exercise Time (5 Stars)
977168577,Music_Prison_03_Routine_E_Level_00,Rattlesnake Springs - Shower Time (0 Stars)
365026502,Music_Prison_03_Routine_E_Level_01,Rattlesnake Springs - Shower Time (1 Star)
423357958,Music_Prison_03_Routine_E_Level_02,Rattlesnake Springs - Shower Time (2 Stars)
398486079,Music_Prison_03_Routine_E_Level_03,Rattlesnake Springs - Shower Time (3 Stars)
490776614,Music_Prison_03_Routine_E_Level_04,Rattlesnake Springs - Shower Time (4 Stars)
257842475,Music_Prison_03_Routine_E_Level_05,Rattlesnake Springs - Shower Time (5 Stars)
193790805,Music_Prison_03_Routine_F_Level_00,Rattlesnake Springs - Job Time (0 Stars)
320934577,Music_Prison_03_Routine_F_Level_01,Rattlesnake Springs - Job Time (1 Star)
950780057,Music_Prison_03_Routine_F_Level_02,Rattlesnake Springs - Job Time (2 Stars)
974051804,Music_Prison_03_Routine_F_Level_03,Rattlesnake Springs - Job Time (3 Stars)
933867311,Music_Prison_03_Routine_F_Level_04,Rattlesnake Springs - Job Time (4 Stars)
206092238,Music_Prison_03_Routine_F_Level_05,Rattlesnake Springs - Job Time (5 Stars)
172889748,Music_Prison_03_Routine_G_Level_00,Rattlesnake Springs - Free Time (0 Stars)
486124842,Music_Prison_03_Routine_G_Level_01,Rattlesnake Springs - Free Time (1 Star)
974266120,Music_Prison_03_Routine_G_Level_02,Rattlesnake Springs - Free Time (2 Stars)
548657259,Music_Prison_03_Routine_G_Level_03,Rattlesnake Springs - Free Time (3 Stars)
607504745,Music_Prison_03_Routine_G_Level_04,Rattlesnake Springs - Free Time (4 Stars)
627277367,Music_Prison_03_Routine_G_Level_05,Rattlesnake Springs - Free Time (5 Stars)
190112386,Music_Prison_04_Routine_A_Level_00,U.S.S Anomaly - Lights Out (0 Stars)
342418293,Music_Prison_04_Routine_A_Level_01,U.S.S Anomaly - Lights Out (1 Star)
200294757,Music_Prison_04_Routine_A_Level_02,U.S.S Anomaly - Lights Out (2 Stars)
812222025,Music_Prison_04_Routine_A_Level_03,U.S.S Anomaly - Lights Out (3 Stars)
965700063,Music_Prison_04_Routine_A_Level_04,U.S.S Anomaly - Lights Out (4 Stars)
456361508,Music_Prison_04_Routine_A_Level_05,U.S.S Anomaly - Lights Out (5 Stars)
468493945,Music_Prison_04_Routine_B_Level_00,U.S.S Anomaly - Roll Call (0 Stars)
955154285,Music_Prison_04_Routine_B_Level_01,U.S.S Anomaly - Roll Call (1 Star)
969666491,Music_Prison_04_Routine_B_Level_02,U.S.S Anomaly - Roll Call (2 Stars)
964882118,Music_Prison_04_Routine_B_Level_03,U.S.S Anomaly - Roll Call (3 Stars)
825629183,Music_Prison_04_Routine_B_Level_04,U.S.S Anomaly - Roll Call (4 Stars)
846125399,Music_Prison_04_Routine_B_Level_05,U.S.S Anomaly - Roll Call (5 Stars)
82219704,Music_Prison_04_Routine_C_Level_00,"U.S.S Anomaly - Breakfast,Lunch,Dinner (0 Stars)"
779500649,Music_Prison_04_Routine_C_Level_01,"U.S.S Anomaly - Breakfast,Lunch,Dinner (1 Star)"
295056046,Music_Prison_04_Routine_C_Level_02,"U.S.S Anomaly - Breakfast,Lunch,Dinner (2 Stars)"
31740719,Music_Prison_04_Routine_C_Level_03,"U.S.S Anomaly - Breakfast,Lunch,Dinner (3 Stars)"
81711833,Music_Prison_04_Routine_C_Level_04,"U.S.S Anomaly - Breakfast,Lunch,Dinner (4 Stars)"
562663109,Music_Prison_04_Routine_C_Level_05,"U.S.S Anomaly - Breakfast,Lunch,Dinner (5 Stars)"
409544104,Music_Prison_04_Routine_D_Level_00,U.S.S Anomaly - Exercise Time (0 Stars)
396289034,Music_Prison_04_Routine_D_Level_01,U.S.S Anomaly - Exercise Time (1 Star)
581747452,Music_Prison_04_Routine_D_Level_02,U.S.S Anomaly - Exercise Time (2 Stars)
43971220,Music_Prison_04_Routine_D_Level_03,U.S.S Anomaly - Exercise Time (3 Stars)
743634350,Music_Prison_04_Routine_D_Level_04,U.S.S Anomaly - Exercise Time (4 Stars)
172875092,Music_Prison_04_Routine_D_Level_05,U.S.S Anomaly - Exercise Time (5 Stars)
1062863342,Music_Prison_04_Routine_E_Level_00,U.S.S Anomaly - Shower Time (0 Stars)
913827272,Music_Prison_04_Routine_E_Level_01,U.S.S Anomaly - Shower Time (1 Star)
407922499,Music_Prison_04_Routine_E_Level_02,U.S.S Anomaly - Shower Time (2 Stars)
721468612,Music_Prison_04_Routine_E_Level_03,U.S.S Anomaly - Shower Time (3 Stars)
618767638,Music_Prison_04_Routine_E_Level_04,U.S.S Anomaly - Shower Time (4 Stars)
849938462,Music_Prison_04_Routine_E_Level_05,U.S.S Anomaly - Shower Time (5 Stars)
383203974,Music_Prison_04_Routine_F_Level_00,U.S.S Anomaly - Job Time (0 Stars)
655380196,Music_Prison_04_Routine_F_Level_01,U.S.S Anomaly - Job Time (1 Star)
763262350,Music_Prison_04_Routine_F_Level_02,U.S.S Anomaly - Job Time (2 Stars)
1069315707,Music_Prison_04_Routine_F_Level_03,U.S.S Anomaly - Job Time (3 Stars)
963351474,Music_Prison_04_Routine_F_Level_04,U.S.S Anomaly - Job Time (4 Stars)
547052433,Music_Prison_04_Routine_F_Level_05,U.S.S Anomaly - Job Time (5 Stars)
924095775,Music_Prison_04_Routine_G_Level_00,U.S.S Anomaly - Free Time (0 Stars)
281856249,Music_Prison_04_Routine_G_Level_01,U.S.S Anomaly - Free Time (1 Star)
244449483,Music_Prison_04_Routine_G_Level_02,U.S.S Anomaly - Free Time (2 Stars)
428456976,Music_Prison_04_Routine_G_Level_03,U.S.S Anomaly - Free Time (3 Stars)
796688863,Music_Prison_04_Routine_G_Level_04,U.S.S Anomaly - Free Time (4 Stars)
961827772,Music_Prison_04_Routine_G_Level_05,U.S.S Anomaly - Free Time (5 Stars)
269857761,Music_Prison_05_Routine_A_Level_00,Fort Tundra - Lights Out (0 Stars)
153537661,Music_Prison_05_Routine_A_Level_01,Fort Tundra - Lights Out (1 Star)
522846279,Music_Prison_05_Routine_A_Level_02,Fort Tundra - Lights Out (2 Stars)
206038088,Music_Prison_05_Routine_A_Level_03,Fort Tundra - Lights Out (3 Stars)
43194014,Music_Prison_05_Routine_A_Level_04,Fort Tundra - Lights Out (4 Stars)
646520803,Music_Prison_05_Routine_A_Level_05,Fort Tundra - Lights Out (5 Stars)
1025489557,Music_Prison_05_Routine_B_Level_00,Fort Tundra - Roll Call (0 Stars)
985400280,Music_Prison_05_Routine_B_Level_01,Fort Tundra - Roll Call (1 Star)
329137958,Music_Prison_05_Routine_B_Level_02,Fort Tundra - Roll Call (2 Stars)
278717924,Music_Prison_05_Routine_B_Level_03,Fort Tundra - Roll Call (3 Stars)
68298386,Music_Prison_05_Routine_B_Level_04,Fort Tundra - Roll Call (4 Stars)
644598970,Music_Prison_05_Routine_B_Level_05,Fort Tundra - Roll Call (5 Stars)
466255604,Music_Prison_05_Routine_C_Level_00,"Fort Tundra - Breakfast,Dinner (0 Stars)"
900213122,Music_Prison_05_Routine_C_Level_01,"Fort Tundra - Breakfast,Dinner (1 Star)"
1029710950,Music_Prison_05_Routine_C_Level_02,"Fort Tundra - Breakfast,Dinner (2 Stars)"
200810535,Music_Prison_05_Routine_C_Level_03,"Fort Tundra - Breakfast,Dinner (3 Stars)"
421088229,Music_Prison_05_Routine_C_Level_04,"Fort Tundra - Breakfast,Dinner (4 Stars)"
975962496,Music_Prison_05_Routine_C_Level_05,"Fort Tundra - Breakfast,Dinner (5 Stars)"
1061691674,Music_Prison_05_Routine_D_Level_00,Fort Tundra - Exercise Time (0 Stars)
866772891,Music_Prison_05_Routine_D_Level_01,Fort Tundra - Exercise Time (1 Star)
1022132472,Music_Prison_05_Routine_D_Level_02,Fort Tundra - Exercise Time (2 Stars)
515880454,Music_Prison_05_Routine_D_Level_03,Fort Tundra - Exercise Time (3 Stars)
951535602,Music_Prison_05_Routine_D_Level_04,Fort Tundra - Exercise Time (4 Stars)
829610073,Music_Prison_05_Routine_D_Level_05,Fort Tundra - Exercise Time (5 Stars)
205702081,Music_Prison_05_Routine_E_Level_00,Fort Tundra - Shower Time (0 Stars)
334966607,Music_Prison_05_Routine_E_Level_01,Fort Tundra - Shower Time (1 Star)
1046776005,Music_Prison_05_Routine_E_Level_02,Fort Tundra - Shower Time (2 Stars)
669341632,Music_Prison_05_Routine_E_Level_03,Fort Tundra - Shower Time (3 Stars)
626344707,Music_Prison_05_Routine_E_Level_04,Fort Tundra - Shower Time (4 Stars)
673187048,Music_Prison_05_Routine_E_Level_05,Fort Tundra - Shower Time (5 Stars)
514700912,Music_Prison_05_Routine_F_Level_00,Fort Tundra - Job Time (0 Stars)
230351679,Music_Prison_05_Routine_F_Level_01,Fort Tundra - Job Time (1 Star)
494843267,Music_Prison_05_Routine_F_Level_02,Fort Tundra - Job Time (2 Stars)
712598508,Music_Prison_05_Routine_F_Level_03,Fort Tundra - Job Time (3 Stars)
1056432564,Music_Prison_05_Routine_F_Level_04,Fort Tundra - Job Time (4 Stars)
321922756,Music_Prison_05_Routine_F_Level_05,Fort Tundra - Job Time (5 Stars)
459053048,Music_Prison_05_Routine_G_Level_00,Fort Tundra - Free Time (0 Stars)
410123388,Music_Prison_05_Routine_G_Level_01,Fort Tundra - Free Time (1 Star)
954122264,Music_Prison_05_Routine_G_Level_02,Fort Tundra - Free Time (2 Stars)
791462431,Music_Prison_05_Routine_G_Level_03,Fort Tundra - Free Time (3 Stars)
330323320,Music_Prison_05_Routine_G_Level_04,Fort Tundra - Free Time (4 Stars)
1019597938,Music_Prison_05_Routine_G_Level_05,Fort Tundra - Free Time (5 Stars)
487220669,Music_Prison_06_Routine_A_Alt_Level_00,The Glorious Regime - Lights Out (0 Stars)
553384279,Music_Prison_06_Routine_A_Alt_Level_01,The Glorious Regime - Lights Out (1 Star)
188970639,Music_Prison_06_Routine_A_Alt_Level_02,The Glorious Regime - Lights Out (2 Stars)
815170873,Music_Prison_06_Routine_A_Alt_Level_03,The Glorious Regime - Lights Out (3 Stars)
355599479,Music_Prison_06_Routine_A_Alt_Level_04,The Glorious Regime - Lights Out (4 Stars)
562991809,Music_Prison_06_Routine_A_Alt_Level_05,The Glorious Regime - Lights Out (5 Stars)
559982304,Music_Prison_06_Routine_B_Alt_Level_00,The Glorious Regime - Roll Call (0 Stars)
301808877,Music_Prison_06_Routine_B_Alt_Level_01,The Glorious Regime - Roll Call (1 Star)
948711770,Music_Prison_06_Routine_B_Alt_Level_02,The Glorious Regime - Roll Call (2 Stars)
494827488,Music_Prison_06_Routine_B_Alt_Level_03,The Glorious Regime - Roll Call (3 Stars)
131926663,Music_Prison_06_Routine_B_Alt_Level_04,The Glorious Regime - Roll Call (4 Stars)
10077933,Music_Prison_06_Routine_B_Alt_Level_05,The Glorious Regime - Roll Call (5 Stars)
735907775,Music_Prison_06_Routine_C_Alt_Level_00,"The Glorious Regime - Breakfast,Lunch,Dinner (0 Stars)"
966655215,Music_Prison_06_Routine_C_Alt_Level_01,"The Glorious Regime - Breakfast,Lunch,Dinner (1 Star)"
497457511,Music_Prison_06_Routine_C_Alt_Level_02,"The Glorious Regime - Breakfast,Lunch,Dinner (2 Stars)"
542722810,Music_Prison_06_Routine_C_Alt_Level_03,"The Glorious Regime - Breakfast,Lunch,Dinner (3 Stars)"
888410351,Music_Prison_06_Routine_C_Alt_Level_04,"The Glorious Regime - Breakfast,Lunch,Dinner (4 Stars)"
29025334,Music_Prison_06_Routine_C_Alt_Level_05,"The Glorious Regime - Breakfast,Lunch,Dinner (5 Stars)"
205817171,Music_Prison_06_Routine_D_Alt_Level_00,The Glorious Regime - Exercise Time (0 Stars)
1052919855,Music_Prison_06_Routine_D_Alt_Level_01,The Glorious Regime - Exercise Time (1 Star)
874823678,Music_Prison_06_Routine_D_Alt_Level_02,The Glorious Regime - Exercise Time (2 Stars)
138844488,Music_Prison_06_Routine_D_Alt_Level_03,The Glorious Regime - Exercise Time (3 Stars)
571555962,Music_Prison_06_Routine_D_Alt_Level_04,The Glorious Regime - Exercise Time (4 Stars)
46964062,Music_Prison_06_Routine_D_Alt_Level_05,The Glorious Regime - Exercise Time (5 Stars)
179859489,Music_Prison_06_Routine_E_Alt_Level_00,The Glorious Regime - Shower Time (0 Stars)
260505100,Music_Prison_06_Routine_E_Alt_Level_01,The Glorious Regime - Shower Time (1 Star)
409513210,Music_Prison_06_Routine_E_Alt_Level_02,The Glorious Regime - Shower Time (2 Stars)
894887241,Music_Prison_06_Routine_E_Alt_Level_03,The Glorious Regime - Shower Time (3 Stars)
98438990,Music_Prison_06_Routine_E_Alt_Level_04,The Glorious Regime - Shower Time (4 Stars)
799003154,Music_Prison_06_Routine_E_Alt_Level_05,The Glorious Regime - Shower Time (5 Stars)
714381195,Music_Prison_06_Routine_F_Alt_Level_00,The Glorious Regime - Job Time (0 Stars)
125384381,Music_Prison_06_Routine_F_Alt_Level_01,The Glorious Regime - Job Time (1 Star)
681554693,Music_Prison_06_Routine_F_Alt_Level_02,The Glorious Regime - Job Time (2 Stars)
1051071968,Music_Prison_06_Routine_F_Alt_Level_03,The Glorious Regime - Job Time (3 Stars)
830311562,Music_Prison_06_Routine_F_Alt_Level_04,The Glorious Regime - Job Time (4 Stars)
595175639,Music_Prison_06_Routine_F_Alt_Level_05,The Glorious Regime - Job Time (5 Stars)
25638902,Music_Prison_06_Routine_G_Level_00,The Glorious Regime - Free Time (0 Stars)
632958860,Music_Prison_06_Routine_G_Level_01,The Glorious Regime - Free Time (1 Star)
933945384,Music_Prison_06_Routine_G_Level_02,The Glorious Regime - Free Time (2 Stars)
65193441,Music_Prison_06_Routine_G_Level_03,The Glorious Regime - Free Time (3 Stars)
546237947,Music_Prison_06_Routine_G_Level_04,The Glorious Regime - Free Time (4 Stars)
732088020,Music_Prison_06_Routine_G_Level_05,The Glorious Regime - Free Time (5 Stars)
542393325,Music_Prison_07_Routine_A_Level_00,H.M.P Offshore - Lights Out (0 Stars)
396549052,Music_Prison_07_Routine_A_Level_01,H.M.P Offshore - Lights Out (1 Star)
849367268,Music_Prison_07_Routine_A_Level_02,H.M.P Offshore - Lights Out (2 Stars)
978774155,Music_Prison_07_Routine_A_Level_03,H.M.P Offshore - Lights Out (3 Stars)
133833946,Music_Prison_07_Routine_A_Level_04,H.M.P Offshore - Lights Out (4 Stars)
569486458,Music_Prison_07_Routine_A_Level_05,H.M.P Offshore - Lights Out (5 Stars)
175136561,Music_Prison_07_Routine_B_Level_00,H.M.P Offshore - Roll Call (0 Stars)
332010278,Music_Prison_07_Routine_B_Level_01,H.M.P Offshore - Roll Call (1 Star)
941060195,Music_Prison_07_Routine_B_Level_02,H.M.P Offshore - Roll Call (2 Stars)
556301354,Music_Prison_07_Routine_B_Level_03,H.M.P Offshore - Roll Call (3 Stars)
949901443,Music_Prison_07_Routine_B_Level_04,H.M.P Offshore - Roll Call (4 Stars)
449764444,Music_Prison_07_Routine_B_Level_05,H.M.P Offshore - Roll Call (5 Stars)
86071000,Music_Prison_07_Routine_C_Level_00,"H.M.P Offshore - Breakfast,Lunch (0 Stars)"
1009843849,Music_Prison_07_Routine_C_Level_01,"H.M.P Offshore - Breakfast,Lunch (1 Star)"
787365201,Music_Prison_07_Routine_C_Level_02,"H.M.P Offshore - Breakfast,Lunch (2 Stars)"
265231856,Music_Prison_07_Routine_C_Level_03,"H.M.P Offshore - Breakfast,Lunch (3 Stars)"
311419951,Music_Prison_07_Routine_C_Level_04,"H.M.P Offshore - Breakfast,Lunch (4 Stars)"
665021477,Music_Prison_07_Routine_C_Level_05,"H.M.P Offshore - Breakfast,Lunch (5 Stars)"
782351829,Music_Prison_07_Routine_D_Level_00,H.M.P Offshore - Exercise Time (0 Stars)
505661293,Music_Prison_07_Routine_D_Level_01,H.M.P Offshore - Exercise Time (1 Star)
459718535,Music_Prison_07_Routine_D_Level_02,H.M.P Offshore - Exercise Time (2 Stars)
294504657,Music_Prison_07_Routine_D_Level_03,H.M.P Offshore - Exercise Time (3 Stars)
380224297,Music_Prison_07_Routine_D_Level_04,H.M.P Offshore - Exercise Time (4 Stars)
816901694,Music_Prison_07_Routine_D_Level_05,H.M.P Offshore - Exercise Time (5 Stars)
126154364,Music_Prison_07_Routine_E_Level_00,H.M.P Offshore - Shower Time (0 Stars)
871731432,Music_Prison_07_Routine_E_Level_01,H.M.P Offshore - Shower Time (1 Star)
357195824,Music_Prison_07_Routine_E_Level_02,H.M.P Offshore - Shower Time (2 Stars)
255685082,Music_Prison_07_Routine_E_Level_03,H.M.P Offshore - Shower Time (3 Stars)
320204198,Music_Prison_07_Routine_E_Level_04,H.M.P Offshore - Shower Time (4 Stars)
44066157,Music_Prison_07_Routine_E_Level_05,H.M.P Offshore - Shower Time (5 Stars)
608199836,Music_Prison_07_Routine_F_Level_00,H.M.P Offshore - Job Time (0 Stars)
36737480,Music_Prison_07_Routine_F_Level_01,H.M.P Offshore - Job Time (1 Star)
129681828,Music_Prison_07_Routine_F_Level_02,H.M.P Offshore - Job Time (2 Stars)
1032456581,Music_Prison_07_Routine_F_Level_03,H.M.P Offshore - Job Time (3 Stars)
333577581,Music_Prison_07_Routine_F_Level_04,H.M.P Offshore - Job Time (4 Stars)
701163873,Music_Prison_07_Routine_F_Level_05,H.M.P Offshore - Job Time (5 Stars)
811398324,Music_Prison_07_Routine_G_Level_00,H.M.P Offshore - Free Time (0 Stars)
485006317,Music_Prison_07_Routine_G_Level_01,H.M.P Offshore - Free Time (1 Star)
665534639,Music_Prison_07_Routine_G_Level_02,H.M.P Offshore - Free Time (2 Stars)
427841787,Music_Prison_07_Routine_G_Level_03,H.M.P Offshore - Free Time (3 Stars)
426505910,Music_Prison_07_Routine_G_Level_04,H.M.P Offshore - Free Time (4 Stars)
666873095,Music_Prison_07_Routine_G_Level_05,H.M.P Offshore - Free Time (5 Stars)
603323924,Music_Prison_08_Routine_A_Level_00,Area 17 - Lights Out (0 Stars)
994961709,Music_Prison_08_Routine_A_Level_01,Area 17 - Lights Out (1 Star)
954934933,Music_Prison_08_Routine_A_Level_02,Area 17 - Lights Out (2 Stars)
817834993,Music_Prison_08_Routine_A_Level_03,Area 17 - Lights Out (3 Stars)
91059985,Music_Prison_08_Routine_A_Level_04,Area 17 - Lights Out (4 Stars)
1036177622,Music_Prison_08_Routine_A_Level_05,Area 17 - Lights Out (5 Stars)
128265546,Music_Prison_08_Routine_B_Level_00,Area 17 - Roll Call (0 Stars)
1042569652,Music_Prison_08_Routine_B_Level_01,Area 17 - Roll Call (1 Star)
1001793189,Music_Prison_08_Routine_B_Level_02,Area 17 - Roll Call (2 Stars)
715181884,Music_Prison_08_Routine_B_Level_03,Area 17 - Roll Call (3 Stars)
192483814,Music_Prison_08_Routine_B_Level_04,Area 17 - Roll Call (4 Stars)
332724290,Music_Prison_08_Routine_B_Level_05,Area 17 - Roll Call (5 Stars)
852953775,Music_Prison_08_Routine_C_Level_00,Area 17 - Breakfast Time (0 Stars)
594273067,Music_Prison_08_Routine_C_Level_01,Area 17 - Breakfast Time (1 Star)
624629266,Music_Prison_08_Routine_C_Level_02,Area 17 - Breakfast Time (2 Stars)
600772608,Music_Prison_08_Routine_C_Level_03,Area 17 - Breakfast Time (3 Stars)
373966458,Music_Prison_08_Routine_C_Level_04,Area 17 - Breakfast Time (4 Stars)
995186767,Music_Prison_08_Routine_C_Level_05,Area 17 - Breakfast Time (5 Stars)
592595912,Music_Prison_08_Routine_D_Level_00,Area 17 - Exercise Time (0 Stars)
433078180,Music_Prison_08_Routine_D_Level_01,Area 17 - Exercise Time (1 Star)
957865652,Music_Prison_08_Routine_D_Level_02,Area 17 - Exercise Time (2 Stars)
942231485,Music_Prison_08_Routine_D_Level_03,Area 17 - Exercise Time (3 Stars)
638367223,Music_Prison_08_Routine_D_Level_04,Area 17 - Exercise Time (4 Stars)
951289410,Music_Prison_08_Routine_D_Level_05,Area 17 - Exercise Time (5 Stars)
1044663296,Music_Prison_08_Routine_E_Level_00,Area 17 - Shower Time (0 Stars)
446263461,Music_Prison_08_Routine_E_Level_01,Area 17 - Shower Time (1 Star)
366086296,Music_Prison_08_Routine_E_Level_02,Area 17 - Shower Time (2 Stars)
514537323,Music_Prison_08_Routine_E_Level_03,Area 17 - Shower Time (3 Stars)
861711205,Music_Prison_08_Routine_E_Level_04,Area 17 - Shower Time (4 Stars)
629267137,Music_Prison_08_Routine_E_Level_05,Area 17 - Shower Time (5 Stars)
683776577,Music_Prison_08_Routine_F_Level_00,Area 17 - Job Time (0 Stars)
336557733,Music_Prison_08_Routine_F_Level_01,Area 17 - Job Time (1 Star)
341246585,Music_Prison_08_Routine_F_Level_02,Area 17 - Job Time (2 Stars)
175096059,Music_Prison_08_Routine_F_Level_03,Area 17 - Job Time (3 Stars)
210544645,Music_Prison_08_Routine_F_Level_04,Area 17 - Job Time (4 Stars)
328789331,Music_Prison_08_Routine_F_Level_05,Area 17 - Job Time (5 Stars)
312312123,Music_Prison_08_Routine_G_Level_00,Area 17 - Free Time (0 Stars)
531512343,Music_Prison_08_Routine_G_Level_01,Area 17 - Free Time (1 Star)
497979904,Music_Prison_08_Routine_G_Level_02,Area 17 - Free Time (2 Stars)
493485955,Music_Prison_08_Routine_G_Level_03,Area 17 - Free Time (3 Stars)
395207505,Music_Prison_08_Routine_G_Level_04,Area 17 - Free Time (4 Stars)
186152977,Music_Prison_08_Routine_G_Level_05,Area 17 - Free Time (5 Stars)
1038638381,Music_Prison_DLC_05_Routine_A_Level_00,Dungeons & Duct Tape - Lights Out (0 Stars)
1042782273,Music_Prison_DLC_05_Routine_A_Level_01,Dungeons & Duct Tape - Lights Out (1 Star)
1008251869,Music_Prison_DLC_05_Routine_A_Level_02,Dungeons & Duct Tape - Lights Out (2 Stars)
674049437,Music_Prison_DLC_05_Routine_A_Level_03,Dungeons & Duct Tape - Lights Out (3 Stars)
359455369,Music_Prison_DLC_05_Routine_A_Level_04,Dungeons & Duct Tape - Lights Out (4 Stars)
134799680,Music_Prison_DLC_05_Routine_A_Level_05,Dungeons & Duct Tape - Lights Out (5 Stars)
394955975,Music_Prison_DLC_05_Routine_B_Level_00,Dungeons & Duct Tape - Roll Call (0 Stars)
364304262,Music_Prison_DLC_05_Routine_B_Level_01,Dungeons & Duct Tape - Roll Call (1 Star)
886821935,Music_Prison_DLC_05_Routine_B_Level_02,Dungeons & Duct Tape - Roll Call (2 Stars)
953930608,Music_Prison_DLC_05_Routine_B_Level_03,Dungeons & Duct Tape - Roll Call (3 Stars)
166984158,Music_Prison_DLC_05_Routine_B_Level_04,Dungeons & Duct Tape - Roll Call (4 Stars)
1037070194,Music_Prison_DLC_05_Routine_B_Level_05,Dungeons & Duct Tape - Roll Call (5 Stars)
193785041,Music_Prison_DLC_05_Routine_C_Level_00,"Dungeons & Duct Tape - Breakfast,Dinner (0 Stars)"
1010439353,Music_Prison_DLC_05_Routine_C_Level_01,"Dungeons & Duct Tape - Breakfast,Dinner (1 Star)"
1046070192,Music_Prison_DLC_05_Routine_C_Level_02,"Dungeons & Duct Tape - Breakfast,Dinner (2 Stars)"
332204759,Music_Prison_DLC_05_Routine_C_Level_03,"Dungeons & Duct Tape - Breakfast,Dinner (3 Stars)"
713429032,Music_Prison_DLC_05_Routine_C_Level_04,"Dungeons & Duct Tape - Breakfast,Dinner (4 Stars)"
217793906,Music_Prison_DLC_05_Routine_C_Level_05,"Dungeons & Duct Tape - Breakfast,Dinner (5 Stars)"
1036957205,Music_Prison_DLC_05_Routine_D_Level_00,Dungeons & Duct Tape - Exercise Time (0 Stars)
1055905377,Music_Prison_DLC_05_Routine_D_Level_01,Dungeons & Duct Tape - Exercise Time (1 Star)
925226236,Music_Prison_DLC_05_Routine_D_Level_02,Dungeons & Duct Tape - Exercise Time (2 Stars)
707450876,Music_Prison_DLC_05_Routine_D_Level_03,Dungeons & Duct Tape - Exercise Time (3 Stars)
562282845,Music_Prison_DLC_05_Routine_D_Level_04,Dungeons & Duct Tape - Exercise Time (4 Stars)
167231666,Music_Prison_DLC_05_Routine_D_Level_05,Dungeons & Duct Tape - Exercise Time (5 Stars)
559031332,Music_Prison_DLC_05_Routine_E_Level_00,Dungeons & Duct Tape - Shower Time (0 Stars)
853384548,Music_Prison_DLC_05_Routine_E_Level_01,Dungeons & Duct Tape - Shower Time (1 Star)
836369096,Music_Prison_DLC_05_Routine_E_Level_02,Dungeons & Duct Tape - Shower Time (2 Stars)
484890115,Music_Prison_DLC_05_Routine_E_Level_03,Dungeons & Duct Tape - Shower Time (3 Stars)
595757437,Music_Prison_DLC_05_Routine_E_Level_04,Dungeons & Duct Tape - Shower Time (4 Stars)
128291902,Music_Prison_DLC_05_Routine_E_Level_05,Dungeons & Duct Tape - Shower Time (5 Stars)
984559894,Music_Prison_DLC_05_Routine_F_Level_00,Dungeons & Duct Tape - Job Time (0 Stars)
567518598,Music_Prison_DLC_05_Routine_F_Level_01,Dungeons & Duct Tape - Job Time (1 Star)
958738616,Music_Prison_DLC_05_Routine_F_Level_02,Dungeons & Duct Tape - Job Time (2 Stars)
312817121,Music_Prison_DLC_05_Routine_F_Level_03,Dungeons & Duct Tape - Job Time (3 Stars)
260788218,Music_Prison_DLC_05_Routine_F_Level_04,Dungeons & Duct Tape - Job Time (4 Stars)
593172288,Music_Prison_DLC_05_Routine_F_Level_05,Dungeons & Duct Tape - Job Time (5 Stars)
791809939,Music_Prison_DLC_05_Routine_G_Level_00,Dungeons & Duct Tape - Free Time (0 Stars)
547997982,Music_Prison_DLC_05_Routine_G_Level_01,Dungeons & Duct Tape - Free Time (1 Star)
877865714,Music_Prison_DLC_05_Routine_G_Level_02,Dungeons & Duct Tape - Free Time (2 Stars)
395936999,Music_Prison_DLC_05_Routine_G_Level_03,Dungeons & Duct Tape - Free Time (3 Stars)
856754997,Music_Prison_DLC_05_Routine_G_Level_04,Dungeons & Duct Tape - Free Time (4 Stars)
593612743,Music_Prison_DLC_05_Routine_G_Level_05,Dungeons & Duct Tape - Free Time (5 Stars)
443385996,Music_Round_Results_Loop,New game screen
5501561,Music_Static_Transport_Boat_Intro,H.M.S Orca - Beginning
91474761,Music_Static_Transport_Boat_Part_01,H.M.S Orca - Part 1
434780846,Music_Static_Transport_Boat_Part_02,H.M.S Orca - Part 2
130932706,Music_Static_Transport_Boat_Part_03,H.M.S Orca - Part 3
604910612,Music_Static_Transport_Boat_Part_04,H.M.S Orca - Part 4
274980283,Music_Static_Transport_Boat_Part_05,H.M.S Orca - Part 5
644249219,Music_Static_Transport_Plane_Intro,Air Force Con - Beginning
208440456,Music_Static_Transport_Plane_Part_01,Air Force Con - Part 1
448829029,Music_Static_Transport_Plane_Part_02,Air Force Con - Part 2
832261573,Music_Static_Transport_Plane_Part_03,Air Force Con - Part 3
658067620,Music_Static_Transport_Plane_Part_04,Air Force Con - Part 4
94828356,Music_Static_Transport_Plane_Part_05,Air Force Con - Part 5
615371738,Music_Static_Transport_Plane_Part_06,Air Force Con - Part 6
998295123,Music_Transport_Train_Intro,Cougar Creek Railroad - Beginning
723758541,Music_Transport_Train_Part_01,Cougar Creek Railroad - Part 1
1056920543,Music_Transport_Train_Part_02,Cougar Creek Railroad - Part 2
928438306,Music_Transport_Train_Part_03,Cougar Creek Railroad - Part 3
752942902,Music_Transport_Train_Part_04,Cougar Creek Railroad - Part 4
845459279,Music_Transport_Train_Part_05,Cougar Creek Railroad - Part 5
818997734,OilRig_Amb_Inside_Loop,H.M.P Offshore - Ambience
924550385,OilRig_Amb_Ocean_Waves_Distant_Loop,H.M.P Offshore - Ambience
326345290,OilRig_Amb_Ocean_Waves_Loop,H.M.P Offshore - Ambience
536254169,OilRig_Amb_Rooftop_Loop,H.M.P Offshore - Ambience
75302535,OilRig_Amb_Seagulls_Loop,H.M.P Offshore - Ambience
688183201,OilRig_Amb_Showers_Loop,H.M.P Offshore - Ambience
49279015,OilRig_Amb_Underground_Loop,H.M.P Offshore - Ambience
747805434,OilRig_Amb_Wind_Drone,H.M.P Offshore - Ambience
457252081,Oil_Rig_Dolphin_Escape_Music,H.M.P Offshore - Swimming With Dolphins
616284165,Oil_Rig_Dolphin_Escape_Waves,H.M.P Offshore
21819,Oil_Rig_Generic_Escape_Boat_Thrust,H.M.P Offshore
1024437797,Oil_Rig_Generic_Escape_Chopper_Loop,H.M.P Offshore
883732889,Oil_Rig_Generic_Escape_Music,H.M.P Offshore - Perimeter Breakout
645187848,Oil_Rig_Intro_Music,H.M.P Offshore - Introduction
786432569,Oil_Rig_Sub_Escape_Boat_Idle,H.M.P Offshore
467073406,Oil_Rig_Sub_Escape_Music,H.M.P Offshore - Bad Intentions
740594938,Oil_Rig_Sub_Escape_Sub_Pass,H.M.P Offshore
874043380,Oil_Rig_TrashBag_Escape_Boat_Idle,H.M.P Offshore
830544700,Oil_Rig_TrashBag_Escape_Boat_Thrust,H.M.P Offshore
198110924,Oil_Rig_TrashBag_Escape_Music,H.M.P Offshore - Trash Talk
775431339,OldWest_Amb_Day_Loop,Rattlesnake Springs - Ambience
640563772,OldWest_Amb_Inside,Rattlesnake Springs - Ambience
1013200380,OldWest_Amb_Night_Loop,Rattlesnake Springs - Ambience
180864869,OldWest_Amb_Rooftop,Rattlesnake Springs - Ambience
46337034,OldWest_Amb_Showers_Loop,Rattlesnake Springs - Ambience
197773363,OldWest_Amb_Underground,Rattlesnake Springs - Ambience
436672921,OldWest_Amb_Vent_Element_04,Rattlesnake Springs - Ambience
193510557,OldWest_Amb_Vent_Element_05,Rattlesnake Springs - Ambience
1038820129,OldWest_Amb_Vent_Element_06,Rattlesnake Springs - Ambience
519267736,OldWest_Amb_Vent_Element_07,Rattlesnake Springs - Ambience
392192139,OldWest_Amb_Vent_Element_08,Rattlesnake Springs - Ambience
330964765,OldWest_Amb_Wind_Loop,Rattlesnake Springs - Ambience
122625141,Old_West_Generic_Escape_Music,Rattlesnake Springs - Perimeter Breakout
601989545,Old_West_Intro_Music,Rattlesnake Springs - Introduction
491843751,Old_West_Truck_Escape_Bag_Truck,Rattlesnake Springs
246121974,Old_West_Truck_Escape_Music,Rattlesnake Springs - Take Out The Trash
107330698,Old_West_Zip_Escape_Music,Rattlesnake Springs - Zip It Up
609013482,POW_Amb_Inside,K.A.P.O.W Camp - Ambience
1022443298,POW_Amb_Night_Crickets,K.A.P.O.W Camp - Ambience
855633601,POW_Amb_Night_Wind,K.A.P.O.W Camp - Ambience
865709319,POW_Amb_Rooftop,K.A.P.O.W Camp - Ambience
502416544,POW_Amb_Showers,K.A.P.O.W Camp - Ambience
775249877,POW_Amb_Underground,K.A.P.O.W Camp - Ambience
511723541,POW_Amb_Vent_Element_04,K.A.P.O.W Camp - Ambience
655816121,POW_Amb_Vent_Element_05,K.A.P.O.W Camp - Ambience
564431844,POW_Amb_Vent_Element_06,K.A.P.O.W Camp - Ambience
16371720,POW_Amb_Vent_Element_07,K.A.P.O.W Camp - Ambience
551212303,POW_Amb_Vent_Element_08,K.A.P.O.W Camp - Ambience
961737289,POW_Distant_Plane_Pass_01,K.A.P.O.W Camp
263637552,POW_Distant_Plane_Pass_02,K.A.P.O.W Camp
881385969,POW_Distant_Plane_Pass_03,K.A.P.O.W Camp
376077846,POW_Generic_Escape_Music,K.A.P.O.W Camp - Perimeter Breakout
15511897,POW_Glider_Escape_Music,K.A.P.O.W Camp - Glide To Victory
1066066127,POW_Glider_Escape_Swish_01,K.A.P.O.W Camp
622215217,POW_Inside_Distant_Plane_Pass_01,K.A.P.O.W Camp
509346561,POW_Inside_Distant_Plane_Pass_02,K.A.P.O.W Camp
645257640,POW_Inside_Distant_Plane_Pass_03,K.A.P.O.W Camp
602594072,POW_Intro_Electric_Fence,K.A.P.O.W Camp - Introduction
531774617,POW_Intro_Music,K.A.P.O.W Camp - Introduction
592118681,POW_Motorcycle_Escape_Music,K.A.P.O.W Camp - Speed McQueen
217393999,POW_Motorcycle_Escape_Sfx,K.A.P.O.W Camp
114135912,PSO_Prison_DLC_05_Fireplace,?
15339828,Plane_Amb_Inside_Loop,Air Force Con - Ambience
38417771,Plane_Amb_Outside_Wind_Loop,Air Force Con - Ambience
444817949,Plane_Amb_Showers_Loop,Air Force Con - Ambience
626760391,Plane_Amb_Underground,Air Force Con - Ambience
974732502,Plane_Force_Landing_Escape_Ambience,Air Force Con
633977552,Plane_Force_Landing_Escape_Music,Air Force Con - Passport to Freedom
78646107,Plane_Intro_Music,Air Force Con - Introduction
368126687,Plane_Parachute_Escape_Music,Air Force Con - Plane Crazy
575370487,Plane_Parachute_Escape_Wind_Alt,Air Force Con
356490288,Plane_Raft_Escape_Music,Air Force Con - Plane Sailing
203876614,Plane_Raft_Escape_Wind_Alt,Air Force Con
190349817,Plane_Take_Over_Escape_Music,Air Force Con - Regain Control
790552731,Plane_Take_Over_Escape_Wind,Air Force Con
125921215,Prision_Editor_Amb_Afternoon_Element_01,?
884516458,Prision_Editor_Amb_Afternoon_Element_04,?
707236014,Prision_Editor_Amb_Afternoon_Element_05,?
627079697,Prision_Editor_Amb_Day_Loop,?
436267269,Prision_Editor_Amb_Inside_Loop,?
35028768,Prision_Editor_Amb_Night_Loop,?
811698786,Prision_Editor_Amb_Rooftop_Loop,?
288555136,Prision_Editor_Amb_Showers_Loop,?
428772072,Prision_Editor_Amb_Underground_Loop,?
715667339,Prision_Editor_Amb_Vent_Element_04,?
758466874,Prision_Editor_Amb_Vent_Element_05,?
159317594,Prision_Editor_Amb_Vent_Element_06,?
911301615,Prision_Editor_Amb_Vent_Element_07,?
474879745,Prision_Editor_Amb_Vent_Element_08,?
975091254,Prision_Editor_Theme_01_Lockdown_Music,Prison Editor - Lockdown
482675964,Prison_DLC_01_Cutscene_Generic_Music,Wicked Ward - Perimeter Breakout
215680051,Prison_DLC_01_Cutscene_Intro_Music,Wicked Ward - Introduction
1029777985,Prison_DLC_01_Cutscene_MP_Escape_Music,Wicked Ward - Monster Mash
897676102,Prison_DLC_01_Cutscene_SP_Escape_Music,Wicked Ward - A Grave Affair
727402332,Prison_DLC_01_Routine_A_00,Wicked Ward - Lights Out (0 Stars)
598973580,Prison_DLC_01_Routine_A_01,Wicked Ward - Lights Out (1 Star)
1038206098,Prison_DLC_01_Routine_A_02,Wicked Ward - Lights Out (2 Stars)
515283406,Prison_DLC_01_Routine_A_03,Wicked Ward - Lights Out (3 Stars)
698313526,Prison_DLC_01_Routine_A_04,Wicked Ward - Lights Out (4 Stars)
745466756,Prison_DLC_01_Routine_A_05,Wicked Ward - Lights Out (5 Stars)
808199124,Prison_DLC_01_Routine_B_00,Wicked Ward - Roll Call (0 Stars)
687972470,Prison_DLC_01_Routine_B_01,Wicked Ward - Roll Call (1 Star)
880761075,Prison_DLC_01_Routine_B_02,Wicked Ward - Roll Call (2 Stars)
591622247,Prison_DLC_01_Routine_B_03,Wicked Ward - Roll Call (3 Stars)
178347022,Prison_DLC_01_Routine_B_04,Wicked Ward - Roll Call (4 Stars)
1054905500,Prison_DLC_01_Routine_B_05,Wicked Ward - Roll Call (5 Stars)
997063954,Prison_DLC_01_Routine_C_00,"Wicked Ward - Breakfast,Dinner (0 Stars)"
187108226,Prison_DLC_01_Routine_C_01,"Wicked Ward - Breakfast,Dinner (1 Star)"
706029129,Prison_DLC_01_Routine_C_02,"Wicked Ward - Breakfast,Dinner (2 Stars)"
536058725,Prison_DLC_01_Routine_C_03,"Wicked Ward - Breakfast,Dinner (3 Stars)"
83525906,Prison_DLC_01_Routine_C_04,"Wicked Ward - Breakfast,Dinner (4 Stars)"
1030530871,Prison_DLC_01_Routine_C_05,"Wicked Ward - Breakfast,Dinner (5 Stars)"
339680731,Prison_DLC_01_Routine_D_00,Wicked Ward - Exercise Time (0 Stars)
931915710,Prison_DLC_01_Routine_D_01,Wicked Ward - Exercise Time (1 Star)
753318613,Prison_DLC_01_Routine_D_02,Wicked Ward - Exercise Time (2 Stars)
828003448,Prison_DLC_01_Routine_D_03,Wicked Ward - Exercise Time (3 Stars)
186059960,Prison_DLC_01_Routine_D_04,Wicked Ward - Exercise Time (4 Stars)
550557840,Prison_DLC_01_Routine_D_05,Wicked Ward - Exercise Time (5 Stars)
336990719,Prison_DLC_01_Routine_E_00,Wicked Ward - Shower Time (0 Stars)
304145027,Prison_DLC_01_Routine_E_01,Wicked Ward - Shower Time (1 Star)
253913746,Prison_DLC_01_Routine_E_02,Wicked Ward - Shower Time (2 Stars)
1021295599,Prison_DLC_01_Routine_E_03,Wicked Ward - Shower Time (3 Stars)
561708431,Prison_DLC_01_Routine_E_04,Wicked Ward - Shower Time (4 Stars)
62716185,Prison_DLC_01_Routine_E_05,Wicked Ward - Shower Time (5 Stars)
826289073,Prison_DLC_01_Routine_F_00,Wicked Ward - Job Time (0 Stars)
646461515,Prison_DLC_01_Routine_F_01,Wicked Ward - Job Time (1 Star)
840673801,Prison_DLC_01_Routine_F_02,Wicked Ward - Job Time (2 Stars)
221446211,Prison_DLC_01_Routine_F_03,Wicked Ward - Job Time (3 Stars)
170806532,Prison_DLC_01_Routine_F_04,Wicked Ward - Job Time (4 Stars)
170446356,Prison_DLC_01_Routine_F_05,Wicked Ward - Job Time (5 Stars)
321983558,Prison_DLC_01_Routine_G_00,Wicked Ward - Free Time (0 Stars)
709148770,Prison_DLC_01_Routine_G_01,Wicked Ward - Free Time (1 Star)
1035671927,Prison_DLC_01_Routine_G_02,Wicked Ward - Free Time (2 Stars)
1000845593,Prison_DLC_01_Routine_G_03,Wicked Ward - Free Time (3 Stars)
744784250,Prison_DLC_01_Routine_G_04,Wicked Ward - Free Time (4 Stars)
167997999,Prison_DLC_01_Routine_G_05,Wicked Ward - Free Time (5 Stars)
324068223,Prison_DLC_01_Weather_Lightning_01,Wicked Ward
646095730,Prison_DLC_01_Weather_Lightning_02,Wicked Ward
517680686,Prison_DLC_01_Weather_Lightning_05,Wicked Ward
289320144,Prison_DLC_01_Weather_Rain_Loop,Wicked Ward
238383723,Prison_DLC_01_Weather_Thunder_03,Wicked Ward
421677793,Prison_DLC_01_Weather_Thunder_04,Wicked Ward
816881761,Prison_DLC_01_Weather_Thunder_05,Wicked Ward
1037109242,Prison_DLC_03_Intro_Music,Santa's Shakedown - Introduction
850444960,Prison_DLC_03_Routine_A_00,Santa's Shakedown - Lights Out (0 Stars)
150218850,Prison_DLC_03_Routine_A_01,Santa's Shakedown - Lights Out (1 Star)
155390847,Prison_DLC_03_Routine_A_02,Santa's Shakedown - Lights Out (2 Stars)
733993220,Prison_DLC_03_Routine_A_03,Santa's Shakedown - Lights Out (3 Stars)
413724396,Prison_DLC_03_Routine_A_04,Santa's Shakedown - Lights Out (4 Stars)
650560313,Prison_DLC_03_Routine_A_05,Santa's Shakedown - Lights Out (5 Stars)
430232925,Prison_DLC_03_Routine_B_00,Santa's Shakedown - Roll Call (0 Stars)
1001002579,Prison_DLC_03_Routine_B_01,Santa's Shakedown - Roll Call (1 Star)
131892123,Prison_DLC_03_Routine_B_02,Santa's Shakedown - Roll Call (2 Stars)
94852396,Prison_DLC_03_Routine_B_03,Santa's Shakedown - Roll Call (3 Stars)
813398286,Prison_DLC_03_Routine_B_04,Santa's Shakedown - Roll Call (4 Stars)
1053567656,Prison_DLC_03_Routine_B_05,Santa's Shakedown - Roll Call (5 Stars)
1002450714,Prison_DLC_03_Routine_C_00,"Santa's Shakedown - Breakfast,Dinner (0 Stars)"
643101036,Prison_DLC_03_Routine_C_01,"Santa's Shakedown - Breakfast,Dinner (1 Star)"
738580398,Prison_DLC_03_Routine_C_02,"Santa's Shakedown - Breakfast,Dinner (2 Stars)"
10446388,Prison_DLC_03_Routine_C_03,"Santa's Shakedown - Breakfast,Dinner (3 Stars)"
248422002,Prison_DLC_03_Routine_C_04,"Santa's Shakedown - Breakfast,Dinner (4 Stars)"
135898664,Prison_DLC_03_Routine_C_05,"Santa's Shakedown - Breakfast,Dinner (5 Stars)"
412659765,Prison_DLC_03_Routine_D_00,Santa's Shakedown - Exercise Time (0 Stars)
88454639,Prison_DLC_03_Routine_D_01,Santa's Shakedown - Exercise Time (1 Star)
746152519,Prison_DLC_03_Routine_D_02,Santa's Shakedown - Exercise Time (2 Stars)
919338273,Prison_DLC_03_Routine_D_03,Santa's Shakedown - Exercise Time (3 Stars)
904983042,Prison_DLC_03_Routine_D_04,Santa's Shakedown - Exercise Time (4 Stars)
1012198585,Prison_DLC_03_Routine_D_05,Santa's Shakedown - Exercise Time (5 Stars)
144866229,Prison_DLC_03_Routine_E_00,Santa's Shakedown - Shower Time (0 Stars)
446347405,Prison_DLC_03_Routine_E_01,Santa's Shakedown - Shower Time (1 Star)
366661491,Prison_DLC_03_Routine_E_02,Santa's Shakedown - Shower Time (2 Stars)
287974702,Prison_DLC_03_Routine_E_03,Santa's Shakedown - Shower Time (3 Stars)
509659926,Prison_DLC_03_Routine_E_04,Santa's Shakedown - Shower Time (4 Stars)
349165810,Prison_DLC_03_Routine_E_05,Santa's Shakedown - Shower Time (5 Stars)
1038852297,Prison_DLC_03_Routine_F_00,Santa's Shakedown - Job Time (0 Stars)
166955167,Prison_DLC_03_Routine_F_01,Santa's Shakedown - Job Time (1 Star)
318279951,Prison_DLC_03_Routine_F_02,Santa's Shakedown - Job Time (2 Stars)
267530005,Prison_DLC_03_Routine_F_03,Santa's Shakedown - Job Time (3 Stars)
767024430,Prison_DLC_03_Routine_F_04,Santa's Shakedown - Job Time (4 Stars)
124303811,Prison_DLC_03_Routine_F_05,Santa's Shakedown - Job Time (5 Stars)
9421002,Prison_DLC_03_Routine_G_00,Santa's Shakedown - Free Time (0 Stars)
929630684,Prison_DLC_03_Routine_G_01,Santa's Shakedown - Free Time (1 Star)
233800895,Prison_DLC_03_Routine_G_02,Santa's Shakedown - Free Time (2 Stars)
384752312,Prison_DLC_03_Routine_G_03,Santa's Shakedown - Free Time (3 Stars)
406780945,Prison_DLC_03_Routine_G_04,Santa's Shakedown - Free Time (4 Stars)
1061620370,Prison_DLC_03_Routine_G_05,Santa's Shakedown - Free Time (5 Stars)
68772471,Prison_DLC_04_Cutscene_Generic_Music,Big Top Breakout - Perimeter Breakout
473230826,Prison_DLC_04_Cutscene_Intro_Music,Big Top Breakout - Introduction
25836379,Prison_DLC_04_Cutscene_Multiplayer_Music,Big Top Breakout - Wind Up Merchant
915523001,Prison_DLC_04_Cutscene_SinglePlayer_Music,Big Top Breakout - It's A Long Shot
47046614,Prison_DLC_04_Routine_A_Level_00,Big Top Breakout - Lights Out (0 Stars)
420583650,Prison_DLC_04_Routine_A_Level_01,Big Top Breakout - Lights Out (1 Star)
542840880,Prison_DLC_04_Routine_A_Level_02,Big Top Breakout - Lights Out (2 Stars)
985795861,Prison_DLC_04_Routine_A_Level_03,Big Top Breakout - Lights Out (3 Stars)
1063937014,Prison_DLC_04_Routine_A_Level_04,Big Top Breakout - Lights Out (4 Stars)
573478441,Prison_DLC_04_Routine_A_Level_05,Big Top Breakout - Lights Out (5 Stars)
797223177,Prison_DLC_04_Routine_B_Level_00,Big Top Breakout - Roll Call (0 Stars)
54326276,Prison_DLC_04_Routine_B_Level_01,Big Top Breakout - Roll Call (1 Star)
1064971178,Prison_DLC_04_Routine_B_Level_02,Big Top Breakout - Roll Call (2 Stars)
46284682,Prison_DLC_04_Routine_B_Level_03,Big Top Breakout - Roll Call (3 Stars)
836713242,Prison_DLC_04_Routine_B_Level_04,Big Top Breakout - Roll Call (4 Stars)
2176041,Prison_DLC_04_Routine_B_Level_05,Big Top Breakout - Roll Call (5 Stars)
71157967,Prison_DLC_04_Routine_C_Level_00,"Big Top Breakout - Breakfast,Dinner (0 Stars)"
686935417,Prison_DLC_04_Routine_C_Level_01,"Big Top Breakout - Breakfast,Dinner (1 Star)"
839799218,Prison_DLC_04_Routine_C_Level_02,"Big Top Breakout - Breakfast,Dinner (2 Stars)"
1063582221,Prison_DLC_04_Routine_C_Level_03,"Big Top Breakout - Breakfast,Dinner (3 Stars)"
460748672,Prison_DLC_04_Routine_C_Level_04,"Big Top Breakout - Breakfast,Dinner (4 Stars)"
792925432,Prison_DLC_04_Routine_C_Level_05,"Big Top Breakout - Breakfast,Dinner (5 Stars)"
698795288,Prison_DLC_04_Routine_D_Level_00,Big Top Breakout - Exercise Time (0 Stars)
778775857,Prison_DLC_04_Routine_D_Level_01,Big Top Breakout - Exercise Time (1 Star)
377064672,Prison_DLC_04_Routine_D_Level_02,Big Top Breakout - Exercise Time (2 Stars)
982844305,Prison_DLC_04_Routine_D_Level_03,Big Top Breakout - Exercise Time (3 Stars)
625848927,Prison_DLC_04_Routine_D_Level_04,Big Top Breakout - Exercise Time (4 Stars)
940452456,Prison_DLC_04_Routine_D_Level_05,Big Top Breakout - Exercise Time (5 Stars)
558535040,Prison_DLC_04_Routine_E_Level_00,Big Top Breakout - Shower Time (0 Stars)
407156213,Prison_DLC_04_Routine_E_Level_01,Big Top Breakout - Shower Time (1 Star)
527581963,Prison_DLC_04_Routine_E_Level_02,Big Top Breakout - Shower Time (2 Stars)
385869018,Prison_DLC_04_Routine_E_Level_03,Big Top Breakout - Shower Time (3 Stars)
431173370,Prison_DLC_04_Routine_E_Level_04,Big Top Breakout - Shower Time (4 Stars)
1071296987,Prison_DLC_04_Routine_E_Level_05,Big Top Breakout - Shower Time (5 Stars)
134802401,Prison_DLC_04_Routine_F_Level_00,Big Top Breakout - Job Time (0 Stars)
370272065,Prison_DLC_04_Routine_F_Level_01,Big Top Breakout - Job Time (1 Star)
182768882,Prison_DLC_04_Routine_F_Level_02,Big Top Breakout - Job Time (2 Stars)
75882932,Prison_DLC_04_Routine_F_Level_03,Big Top Breakout - Job Time (3 Stars)
392933161,Prison_DLC_04_Routine_F_Level_04,Big Top Breakout - Job Time (4 Stars)
1010362707,Prison_DLC_04_Routine_F_Level_05,Big Top Breakout - Job Time (5 Stars)
337473215,Prison_DLC_04_Routine_G_Level_00,Big Top Breakout - Free Time (0 Stars)
147502809,Prison_DLC_04_Routine_G_Level_01,Big Top Breakout - Free Time (1 Star)
362662882,Prison_DLC_04_Routine_G_Level_02,Big Top Breakout - Free Time (2 Stars)
793505242,Prison_DLC_04_Routine_G_Level_03,Big Top Breakout - Free Time (3 Stars)
414453978,Prison_DLC_04_Routine_G_Level_04,Big Top Breakout - Free Time (4 Stars)
760664757,Prison_DLC_04_Routine_G_Level_05,Big Top Breakout - Free Time (5 Stars)
418671319,Prison_DLC_04_Routine_H_Level_00,Big Top Breakout - Show Time (0 Stars)
712986070,Prison_DLC_04_Routine_H_Level_01,Big Top Breakout - Show Time (1 Star)
375035641,Prison_DLC_04_Routine_H_Level_02,Big Top Breakout - Show Time (2 Stars)
435972522,Prison_DLC_04_Routine_H_Level_03,Big Top Breakout - Show Time (3 Stars)
179820699,Prison_DLC_04_Routine_H_Level_04,Big Top Breakout - Show Time (4 Stars)
115285150,Prison_DLC_04_Routine_H_Level_05,Big Top Breakout - Show Time (5 Stars)
271914122,Prison_Music_Tutorial_Routine_A,Precinct 17 - Lights Out
155846488,Prison_Music_Tutorial_Routine_B,Precinct 17 - Roll Call
136985841,Prison_Music_Tutorial_Routine_C,Precinct 17 - Lunch Time
606987763,Prison_Music_Tutorial_Routine_G,Precinct 17 - Free Time
336251890,Prison_Music_Tutorial_Routine_Lockdown,Precinct 17 - Lockdown
1014218482,Showtime_Fireworks,?
943856515,Showtime_Start,Big Top Breakout - Show Time Start
748546488,Solitary_Sting_01,?
617100464,Solitary_Sting_02,?
319598750,Solitary_Sting_03,?
320343951,Solitary_Sting_04,?
1067513492,Solitary_Sting_05,?
61648047,Space_Amb_Rooftop,U.S.S Anomaly - Ambience
75452618,Space_Amb_Showers_Loop,U.S.S Anomaly - Ambience
6668671,Space_Amb_Underground,U.S.S Anomaly - Ambience
593466314,Space_Generic_Escape_Music,U.S.S Anomaly - Perimeter Breakout
287576185,Space_Intro_Music,U.S.S Anomaly - Introduction
107502536,Space_MP_Shuttle_Escape_Music,U.S.S Anomaly - Peas In A Pod
613006565,Space_MP_Shuttle_Escape_Shuttle_Take_Off,U.S.S Anomaly
656153204,Space_SP_Jetpack_Escape_Jetpack,U.S.S Anomaly
71005659,Space_SP_Jetpack_Escape_Music,U.S.S Anomaly - Race From Space
1049822613,Train_Amb_Loop,Cougar Creek Railroad - Ambience
1054840621,Train_Chug_Inside_Loop,Cougar Creek Railroad
1005167029,Train_Chug_Outside_Loop,Cougar Creek Railroad
324005275,Train_Chug_Outside_Loop,Cougar Creek Railroad
809450790,Train_Escape_Ambience,Cougar Creek Railroad
888025665,Train_Intro_Music,Cougar Creek Railroad - Introduction
732441745,Train_MP_Guards_Car_Escape_Music,Cougar Creek Railroad - Loose Caboose
717185764,Train_MP_TakeOver_Escape_Music,Cougar Creek Railroad - Do The Locomotive
413258327,Train_SP_Grapple_Escape_Music,Cougar Creek Railroad - Hooked On You
10197731,Train_SP_Horse_Escape_Gallop_Long,Cougar Creek Railroad
54633622,Train_SP_Horse_Escape_Music,Cougar Creek Railroad - My Little Phoney
59376979,Train_SP_Horse_Escape_Vocals_01,Cougar Creek Railroad
275005061,Transport_Train_Intro_Horse,?
683443927,Tutorial_Cutscene_Amb_Loop,?
728311556,Tutorial_Cutscene_Music,Precinct 17 - Cutscene
592388064,Tutorial_Dolphin_Clicks,?
293945458,Tutorial_Outro_Horn,?
800357514,Tutorial_Outro_Sfx,?
377015532,UI_Prison_Editor_Amb_Loop,?
890921132,Xmas_DLC_Cutscene_Generic_Escape_Bike_SFX,Snow Way Out
530399576,Xmas_DLC_Cutscene_Generic_Escape_Music,Snow Way Out - Perimeter Breakout
190343648,Xmas_DLC_Cutscene_Generic_Escape_Robot_SFX,Snow Way Out
556138576,Xmas_DLC_Cutscene_Intro_Fireplace,Snow Way Out
955249664,Xmas_DLC_Cutscene_Intro_Music,Snow Way Out - Introduction
359541882,Xmas_DLC_Cutscene_Intro_RobotToFlyAway,Snow Way Out
220953703,Xmas_DLC_Cutscene_Multiplayer_EndSection,Snow Way Out
272907956,Xmas_DLC_Cutscene_Multiplayer_EngineStart,Snow Way Out
439200340,Xmas_DLC_Cutscene_Multiplayer_Escape_Music,Snow Way Out - Batteries not included
143553732,Xmas_DLC_Cutscene_Multiplayer_MiddleSection,Snow Way Out
645940644,Xmas_DLC_Cutscene_SP_Escape_Music,"Snow Way Out - It's not a toy, it's a collectable"
453165920,Xmas_DLC_Routine_A_00,Snow Way Out - Lights Out (0 Stars)
899607532,Xmas_DLC_Routine_A_01,Snow Way Out - Lights Out (1 Star)
1000968019,Xmas_DLC_Routine_A_02,Snow Way Out - Lights Out (2 Stars)
693792457,Xmas_DLC_Routine_A_03,Snow Way Out - Lights Out (3 Stars)
543406530,Xmas_DLC_Routine_A_04,Snow Way Out - Lights Out (4 Stars)
275937299,Xmas_DLC_Routine_A_05,Snow Way Out - Lights Out (5 Stars)
581454230,Xmas_DLC_Routine_B_00,Snow Way Out - Roll Call (0 Stars)
225473295,Xmas_DLC_Routine_B_01,Snow Way Out - Roll Call (1 Star)
787706878,Xmas_DLC_Routine_B_02,Snow Way Out - Roll Call (2 Stars)
252294951,Xmas_DLC_Routine_B_03,Snow Way Out - Roll Call (3 Stars)
330645910,Xmas_DLC_Routine_B_04,Snow Way Out - Roll Call (4 Stars)
1007010035,Xmas_DLC_Routine_B_05,Snow Way Out - Roll Call (5 Stars)
617118628,Xmas_DLC_Routine_C_00,"Snow Way Out - Breakfast,Dinner (0 Stars)"
127579353,Xmas_DLC_Routine_C_01,"Snow Way Out - Breakfast,Dinner (1 Star)"
834585010,Xmas_DLC_Routine_C_02,"Snow Way Out - Breakfast,Dinner (2 Stars)"
851595395,Xmas_DLC_Routine_C_03,"Snow Way Out - Breakfast,Dinner (3 Stars)"
338280640,Xmas_DLC_Routine_C_04,"Snow Way Out - Breakfast,Dinner (4 Stars)"
983304731,Xmas_DLC_Routine_C_05,"Snow Way Out - Breakfast,Dinner (5 Stars)"
127435600,Xmas_DLC_Routine_D_00,Snow Way Out - Exercise Time (0 Stars)
751178806,Xmas_DLC_Routine_D_01,Snow Way Out - Exercise Time (1 Star)
80735820,Xmas_DLC_Routine_D_02,Snow Way Out - Exercise Time (2 Stars)
966474767,Xmas_DLC_Routine_D_03,Snow Way Out - Exercise Time (3 Stars)
314050706,Xmas_DLC_Routine_D_04,Snow Way Out - Exercise Time (4 Stars)
410695452,Xmas_DLC_Routine_D_05,Snow Way Out - Exercise Time (5 Stars)
378649652,Xmas_DLC_Routine_E_00,Snow Way Out - Shower Time (0 Stars)
879989990,Xmas_DLC_Routine_E_01,Snow Way Out - Shower Time (1 Star)
121081149,Xmas_DLC_Routine_E_02,Snow Way Out - Shower Time (2 Stars)
11169130,Xmas_DLC_Routine_E_03,Snow Way Out - Shower Time (3 Stars)
349313070,Xmas_DLC_Routine_E_04,Snow Way Out - Shower Time (4 Stars)
873081056,Xmas_DLC_Routine_E_05,Snow Way Out - Shower Time (5 Stars)
64824225,Xmas_DLC_Routine_F_00,Snow Way Out - Job Time (0 Stars)
362364443,Xmas_DLC_Routine_F_01,Snow Way Out - Job Time (1 Star)
976033644,Xmas_DLC_Routine_F_02,Snow Way Out - Job Time (2 Stars)
266753444,Xmas_DLC_Routine_F_03,Snow Way Out - Job Time (3 Stars)
295622198,Xmas_DLC_Routine_F_04,Snow Way Out - Job Time (4 Stars)
529819011,Xmas_DLC_Routine_F_05,Snow Way Out - Job Time (5 Stars)
1007873419,Xmas_DLC_Routine_G_00,Snow Way Out - Free Time (0 Stars)
856814779,Xmas_DLC_Routine_G_01,Snow Way Out - Free Time (1 Star)
474364066,Xmas_DLC_Routine_G_02,Snow Way Out - Free Time (2 Stars)
832331644,Xmas_DLC_Routine_G_03,Snow Way Out - Free Time (3 Stars)
132455856,Xmas_DLC_Routine_G_04,Snow Way Out - Free Time (4 Stars)
200202034,Xmas_DLC_Routine_G_05,Snow Way Out - Free Time (5 Stars)
